[
    {
        "name": "ChillVaiLon Ip:103.110.33.25:25672",
        "id": {
            "100018560558115": "Trần Hùng  LQBa gamer",
            "100026990056826": "baodeptraivcl",
            "100031709781123": "jungkea",
            "100034488263464": "gaoyeu",
            "100038988972012": "KayKoNgu",
            "100048662751619": "wolf",
            "100050499548082": "Minhdepzai171",
            "100053826485239": "HanhXiao",
            "100054450771627": "Nae6248",
            "100055632365849": "zar",
            "100060858800811": "Jinchung💩🐧",
            "100061499814864": "DUONGTITAN",
            "100063905246943": "Bao1233983",
            "100064656775396": "KhoiTrumVoid(Helper)",
            "100065200368800": "MOON RIEL( Anh em con cháu của EA🐧)",
            "100067145741954": "Nguyen21082586",
            "100067933297758": "PewxZz",
            "100068330160879": "MinhChang9554",
            "100068504695009": "Staaa",
            "100069422255277": "Tran6420 (rảnh rỗi thích xây nhà)",
            "100071635150260": "Loimcee",
            "100073407667191": "🧑🏻‍⚖️[owner][Chủ Vay Vốn]",
            "100073565010521": "wordRapier05472",
            "100073665315316": "MrTeoBeo",
            "100074244693125": "Kow_NTP",
            "100075573423066": "Kuze",
            "100076931671895": "phongg2007",
            "100077760545626": "itsme",
            "100078173115070": "Hanamy2010",
            "100080138979533": "Bacdeptrai0",
            "100080230573788": "AcWyFiFai8819",
            "100080438173643": "tranquocloine",
            "100080621003519": "Dacvuzeno",
            "100080799753332": "Nguyễn Thành Danh(ho_hotoi)",
            "100081095467079": "shadow_garden",
            "100081194966039": "VUV Hugaa",
            "100082237703369": ".cocaidaubuoi547",
            "100082330160302": "YuutaMeoMeoz",
            "100082827152867": "soncute12322",
            "100082873279684": "melbel_(ddaocti)",
            "100083173954252": "oazaka",
            "100083327334979": "Wead",
            "100083340730287": "Donut",
            "100083436294802": "Hae yeon3234",
            "100083662994983": "chocolate",
            "100084000976839": "Thangg(😳😳😳)",
            "100084512912336": "tuyn",
            "100084683927457": "riy8722",
            "100085425280896": "KyubiAsurraa",
            "100085507900284": "minhluan07",
            "100085598157253": "ben_207",
            "100086078048592": "Zăn Ziên(Zien2007)",
            "100086285691873": "chuot1tay",
            "100086720821310": "hachi",
            "100087119017627": "KaiTheLostRider",
            "100087215772206": "Kietshipers",
            "100088380360198": "Hoàng Hải (Sairy_King)",
            "100089927931829": "Cyer6108",
            "100089976756395": "MinhHo4n29",
            "100090101223322": "Kingofturtle",
            "100090866335898": "kemcutidthwws1tg",
            "100091361645719": "gill412009",
            "100091739021105": "kirameomeo9866",
            "100092325514798": "Emxty_",
            "100092457667836": "Amiii",
            "100093045202247": "ZinGKnguynTM",
            "100093299973607": "Kenngaongo",
            "100093347737571": "Quân Võ (anbatocom4390)",
            "100093382347470": "Yen Khanhh",
            "100093684566834": "shim6",
            "100093789746901": "ThanhDung_zZz",
            "100093955213631": "nghanhh_",
            "100094329863758": "Ryota7486",
            "100094491966996": "Chillguy6156",
            "100094541770616": "Donnamc",
            "100095310160530": "White1hit7997 [Nhận kéo txiu 1 khóa 25k]",
            "61550018301873": "luongmo",
            "61550634252383": "gard",
            "61550670095897": "Toafndark[dai gia bao nuoi gai]",
            "61550698380145": "MatureNine65024(người bán đồ )",
            "61550806435782": "nyy508",
            "61550807736860": "HHoangNEK",
            "61551045992446": "Hung68",
            "61551153449800": "Bevis_09",
            "61551819466601": "VyVy5990",
            "61552075095642": "Ong bt bay",
            "61552192647776": "176_VwanMC [XinOfVaiNgay]",
            "61552406759640": "khoahuhihe.",
            "61552710260809": "Rin",
            "61552755734976": "zomchill",
            "61553138566393": "hatnaper",
            "61553280867504": "Bozyy02",
            "61553475516705": "Kai",
            "61554315890288": "nhg_MH",
            "61554775097757": "VIEGO2090",
            "61555520173937": "thangsucvat",
            "61555622625991": "Lữ Minh (310_MinhNoob)",
            "61556261289650": "Megaivotu🐧👉Media 👈 (nhận kéo 1 1 thua thì nín)",
            "61557011650146": "Irika2k8(Helper)",
            "61557895435023": "HoangAnh7194 [sắp bán blind box]",
            "61559565460882": "khoahehehehe",
            "61559595513164": "Dacvuzeno",
            "61559726740842": "nghiacakcak",
            "61560951164127": "nggiahuy7a",
            "61561657644724": "boyjedi",
            "61563110160257": "29_Bunnie (off 20,21,22)",
            "61563192298414": "Linh Của Toi tenteddisc45163",
            "61563802063865": "TKienMC",
            "61564412593805": "liz (cho vay s1 sv,cam do bla bla)",
            "61565041615939": "Ly ly(lyly172)",
            "61566305047344": "sywu0412",
            "61566420328960": "beecii111312",
            "61566425044200": "đừng nghiện tx vì t đã bay 1m5 tiền(asuraXtra)",
            "61566903755218": "DietrichBad",
            "61567319997914": "minhvu123oz",
            "61567939525260": "VugiabaoVB",
            "61567968473062": "yukinaoto",
            "61568464379882": "mrmeomeoz",
            "61569270931404": "MostPlum4131710 (pe)- enloteka (PC)",
            "61570112281433": "HuynhPhuongw",
            "61571088527338": "Tiramisu246",
            "61571919684491": "sexgay",
            "61572862260690": "llll_h",
            "61573230101515": "YTThoMCVN",
            "61573980836813": "Cabuda🐧",
            "61574639837515": "BTuyenGM",
            "61575654669218": "NgLinh026",
            "61576697263975": "Mhieuu",
            "61576779977188": "thanh thảo ( bố m là trai )",
            "61576919090991": "YenNhi9773",
            "61577289520146": "Hayr",
            "61577377671224": "Zien2007 ( bán cánh cho newbie )",
            "61577789064706": "AccPhuXuanHai26"
        }
    }
]